﻿<?xml version="1.0" encoding="UTF-8"?><idempiere Name="AD_EntityType" Version="1.0.0" idempiereVersion="3.1.0.qualifier" DataBaseVersion="2015-10-31" Description="" Author="SuperUser" AuthorEmail="superuser @ idempiere.com" CreatedDate="Sat Jun 04 12:44:51 ECT 2016" UpdatedDate="Sat Jun 04 12:44:51 ECT 2016" PackOutVersion="100" UpdateDictionary="true" Client="0-SYSTEM-System" AD_Client_UU="11237b53-9592-4af1-b3c5-afd216514b5d">
    <AD_EntityType type="table">
        <AD_Client_ID>0</AD_Client_ID>
        <AD_Org_ID>0</AD_Org_ID>
        <EntityType>ING</EntityType>
        <IsActive>Y</IsActive>
        <Name>iNGEINT</Name>
        <Description/>
        <Help>www.ingeint.com - Orlando Curieles</Help>
        <Version/>
        <ModelPackage/>
        <Classpath/>
        <Processing>N</Processing>
        <AD_EntityType_UU>0e8de40c-091b-44c2-8212-a4bf71e53564</AD_EntityType_UU>
    </AD_EntityType>
<AD_Message type="table">
        <AD_Client_ID>0</AD_Client_ID>
        <AD_Org_ID>0</AD_Org_ID>
        <MsgType>I</MsgType>
        <MsgText>An Return was created for this RMA</MsgText>
        <MsgTip/>
        <IsActive>Y</IsActive>
        <Value>AnReturnCreated</Value>
        <EntityType>ING</EntityType>
        <AD_Message_UU>14b60734-baa3-47ca-a9fd-36f3b0d19a38</AD_Message_UU>
        <AD_Message_Trl type="translation">
            <MsgText>Ya se ha generado una devolución para esta Autorización</MsgText>
            <MsgTip/>
            <AD_Language>es_CO</AD_Language>
            <IsActive>Y</IsActive>
            <IsTranslated>Y</IsTranslated>
        </AD_Message_Trl>
    </AD_Message>
    <AD_Message type="table">
        <AD_Client_ID>0</AD_Client_ID>
        <AD_Org_ID>0</AD_Org_ID>
        <MsgType>I</MsgType>
        <MsgText>Cannot create the return</MsgText>
        <MsgTip/>
        <IsActive>Y</IsActive>
        <Value>CannotCreateReturn</Value>
        <EntityType>ING</EntityType>
        <AD_Message_UU>5e65be41-32c1-40b9-a8d5-e93742203571</AD_Message_UU>
        <AD_Message_Trl type="translation">
            <MsgText>No se pudo crear la devolución</MsgText>
            <MsgTip/>
            <AD_Language>es_CO</AD_Language>
            <IsActive>Y</IsActive>
            <IsTranslated>Y</IsTranslated>
        </AD_Message_Trl>
    </AD_Message>
    <AD_Message type="table">
        <AD_Client_ID>0</AD_Client_ID>
        <AD_Org_ID>0</AD_Org_ID>
        <MsgType>I</MsgType>
        <MsgText>cannot create the return lines</MsgText>
        <MsgTip/>
        <IsActive>Y</IsActive>
        <Value>CannotCreateReturnLines</Value>
        <EntityType>ING</EntityType>
        <AD_Message_UU>3266d269-06b4-4220-bbf4-b0e224744b58</AD_Message_UU>
        <AD_Message_Trl type="translation">
            <MsgText>No se crearon las lineas de la devolución</MsgText>
            <MsgTip/>
            <AD_Language>es_CO</AD_Language>
            <IsActive>Y</IsActive>
            <IsTranslated>Y</IsTranslated>
        </AD_Message_Trl>
    </AD_Message>
    <AD_Message type="table">
        <AD_Client_ID>0</AD_Client_ID>
        <AD_Org_ID>0</AD_Org_ID>
        <MsgType>I</MsgType>
        <MsgText>Return Generated</MsgText>
        <MsgTip/>
        <IsActive>Y</IsActive>
        <Value>ReturnGenerated</Value>
        <EntityType>ING</EntityType>
        <AD_Message_UU>8f8d9d22-1e09-40f3-890a-d73bcbf21e63</AD_Message_UU>
        <AD_Message_Trl type="translation">
            <MsgText>Devolución Generada</MsgText>
            <MsgTip/>
            <AD_Language>es_CO</AD_Language>
            <IsActive>Y</IsActive>
            <IsTranslated>Y</IsTranslated>
        </AD_Message_Trl>
    </AD_Message>
    <AD_Message type="table">
        <AD_Client_ID>0</AD_Client_ID>
        <AD_Org_ID>0</AD_Org_ID>
        <MsgType>E</MsgType>
        <MsgText>Must be select a Warehouse for Return</MsgText>
        <MsgTip/>
        <IsActive>Y</IsActive>
        <Value>WarehouseReturn</Value>
        <EntityType>ING</EntityType>
        <AD_Message_UU>6831c26b-1784-415c-a9fd-d5852768dbbe</AD_Message_UU>
        <AD_Message_Trl type="translation">
            <MsgText>Se debe seleccionar un almacén para la devolución</MsgText>
            <MsgTip/>
            <AD_Language>es_CO</AD_Language>
            <IsActive>Y</IsActive>
            <IsTranslated>Y</IsTranslated>
        </AD_Message_Trl>
    </AD_Message>
<AD_Column type="table">
        <IsSyncDatabase>Y</IsSyncDatabase>
        <AD_Table_ID reference="id">661</AD_Table_ID>
        <AD_Reference_Value_ID reference="id"/>
        <AD_Client_ID>0</AD_Client_ID>
        <AD_Org_ID>0</AD_Org_ID>
        <Version>0</Version>
        <Name>Warehouse</Name>
        <Description>Storage Warehouse and Service Point</Description>
        <Help>The Warehouse identifies a unique Warehouse where products are stored or Services are provided.</Help>
        <AD_Val_Rule_ID reference="id"/>
        <ColumnName>M_Warehouse_ID</ColumnName>
        <DefaultValue/>
        <FieldLength>22</FieldLength>
        <IsKey>N</IsKey>
        <IsParent>N</IsParent>
        <IsMandatory>N</IsMandatory>
        <IsTranslated>N</IsTranslated>
        <IsIdentifier>N</IsIdentifier>
        <SeqNo>0</SeqNo>
        <IsEncrypted>N</IsEncrypted>
        <AD_Reference_ID reference="id">19</AD_Reference_ID>
        <IsActive>Y</IsActive>
        <VFormat/>
        <Callout/>
        <AD_Element_ID reference="id">459</AD_Element_ID>
        <IsUpdateable>Y</IsUpdateable>
        <AD_Process_ID reference="id"/>
        <ValueMin/>
        <ValueMax/>
        <IsSelectionColumn>N</IsSelectionColumn>
        <ReadOnlyLogic/>
        <EntityType>ING</EntityType>
        <IsAlwaysUpdateable>N</IsAlwaysUpdateable>
        <ColumnSQL/>
        <MandatoryLogic/>
        <IsAutocomplete>N</IsAutocomplete>
        <IsAllowLogging>Y</IsAllowLogging>
        <FormatPattern/>
        <AD_Chart_ID reference="id"/>
        <AD_Column_UU>73edc12d-21fd-4b18-ac57-c67fe3de8bbe</AD_Column_UU>
        <IsAllowCopy>Y</IsAllowCopy>
        <SeqNoSelection>0</SeqNoSelection>
        <IsToolbarButton>N</IsToolbarButton>
        <IsSecure>N</IsSecure>
        <FKConstraintName>MWarehouse_MRMA</FKConstraintName>
        <FKConstraintType>N</FKConstraintType>
    </AD_Column>
<AD_Field type="table">
        <AD_Client_ID>0</AD_Client_ID>
        <AD_Org_ID>0</AD_Org_ID>
        <Name>Return Warehouse</Name>
        <Description>Storage Warehouse and Service Point</Description>
        <Help>The Warehouse identifies a unique Warehouse where products are stored or Services are provided.</Help>
        <AD_Tab_ID reference="id">628</AD_Tab_ID>
        <AD_Column_ID reference="uuid" reference-key="AD_Column">73edc12d-21fd-4b18-ac57-c67fe3de8bbe</AD_Column_ID>
        <IsDisplayed>Y</IsDisplayed>
        <DisplayLogic/>
        <DisplayLength>22</DisplayLength>
        <SeqNo>130</SeqNo>
        <SortNo/>
        <IsSameLine>N</IsSameLine>
        <IsHeading>N</IsHeading>
        <IsFieldOnly>N</IsFieldOnly>
        <IsEncrypted>N</IsEncrypted>
        <IsActive>Y</IsActive>
        <IsReadOnly>N</IsReadOnly>
        <IsCentrallyMaintained>N</IsCentrallyMaintained>
        <AD_FieldGroup_ID reference="id"/>
        <EntityType>ING</EntityType>
        <ObscureType/>
        <AD_Reference_ID reference="id"/>
        <IsMandatory/>
        <DefaultValue/>
        <AD_Reference_Value_ID reference="id"/>
        <AD_Val_Rule_ID reference="id"/>
        <Included_Tab_ID reference="id"/>
        <AD_Field_UU>c6c87445-a72f-4ff1-b2f7-f9bd9c824647</AD_Field_UU>
        <IsAllowCopy/>
        <IsDisplayedGrid>Y</IsDisplayedGrid>
        <SeqNoGrid>180</SeqNoGrid>
        <XPosition>1</XPosition>
        <ColumnSpan>2</ColumnSpan>
        <NumLines>1</NumLines>
        <IsQuickEntry>N</IsQuickEntry>
        <IsUpdateable/>
        <IsAlwaysUpdateable>Y</IsAlwaysUpdateable>
        <MandatoryLogic/>
        <ReadOnlyLogic>@M_InOut_ID@&gt;0</ReadOnlyLogic>
        <IsToolbarButton/>
        <IsDefaultFocus>N</IsDefaultFocus>
        <IsAdvancedField>N</IsAdvancedField>
        <AD_Field_Trl type="translation">
            <Help>The Warehouse identifies a unique Warehouse where products are stored or Services are provided.</Help>
            <Description>Storage Warehouse and Service Point</Description>
            <Name>Almacen para Devolución</Name>
            <AD_Language>es_CO</AD_Language>
            <IsActive>Y</IsActive>
            <IsTranslated>Y</IsTranslated>
        </AD_Field_Trl>
    </AD_Field>
    <AD_Column type="table">
        <AD_Column_ID>212769</AD_Column_ID>
        <IsSyncDatabase>Y</IsSyncDatabase>
        <AD_Table_ID reference="id">661</AD_Table_ID>
        <AD_Reference_Value_ID reference="id"/>
        <AD_Client_ID>0</AD_Client_ID>
        <AD_Org_ID>0</AD_Org_ID>
        <AD_Column_ID>212769</AD_Column_ID>
        <Version>0</Version>
        <Name>Shipment/Receipt</Name>
        <Description>Material Shipment Document</Description>
        <Help>The Material Shipment / Receipt </Help>
        <AD_Val_Rule_ID reference="id"/>
        <ColumnName>M_InOut_ID</ColumnName>
        <DefaultValue/>
        <FieldLength>22</FieldLength>
        <IsKey>N</IsKey>
        <IsParent>N</IsParent>
        <IsMandatory>N</IsMandatory>
        <IsTranslated>N</IsTranslated>
        <IsIdentifier>N</IsIdentifier>
        <SeqNo>0</SeqNo>
        <IsEncrypted>N</IsEncrypted>
        <AD_Reference_ID reference="id">30</AD_Reference_ID>
        <IsActive>Y</IsActive>
        <VFormat/>
        <Callout/>
        <AD_Element_ID reference="id">1025</AD_Element_ID>
        <IsUpdateable>Y</IsUpdateable>
        <AD_Process_ID reference="id"/>
        <ValueMin/>
        <ValueMax/>
        <IsSelectionColumn>N</IsSelectionColumn>
        <ReadOnlyLogic/>
        <EntityType>D</EntityType>
        <IsAlwaysUpdateable>N</IsAlwaysUpdateable>
        <ColumnSQL/>
        <MandatoryLogic/>
        <IsAutocomplete>N</IsAutocomplete>
        <IsAllowLogging>Y</IsAllowLogging>
        <FormatPattern/>
        <AD_Chart_ID reference="id"/>
        <AD_Column_UU>c88105f9-48ef-478a-bbf1-c9ff9d22bf7d</AD_Column_UU>
        <IsAllowCopy>Y</IsAllowCopy>
        <SeqNoSelection>0</SeqNoSelection>
        <IsToolbarButton>N</IsToolbarButton>
        <IsSecure>N</IsSecure>
        <FKConstraintName>mrma_minout</FKConstraintName>
        <FKConstraintType>N</FKConstraintType>
    </AD_Column>
     <AD_Field type="table">
        <AD_Field_ID>204224</AD_Field_ID>
        <AD_Client_ID>0</AD_Client_ID>
        <AD_Org_ID>0</AD_Org_ID>
        <AD_Field_ID>204224</AD_Field_ID>
        <Name>Shipment/Receipt</Name>
        <Description>Material Shipment Document</Description>
        <Help>The Material Shipment / Receipt </Help>
        <AD_Tab_ID reference="id">628</AD_Tab_ID>
        <AD_Column_ID reference="id">212769</AD_Column_ID>
        <IsDisplayed>Y</IsDisplayed>
        <DisplayLogic/>
        <DisplayLength>22</DisplayLength>
        <SeqNo>170</SeqNo>
        <SortNo/>
        <IsSameLine>N</IsSameLine>
        <IsHeading>N</IsHeading>
        <IsFieldOnly>N</IsFieldOnly>
        <IsEncrypted>N</IsEncrypted>
        <IsActive>Y</IsActive>
        <IsReadOnly>Y</IsReadOnly>
        <IsCentrallyMaintained>Y</IsCentrallyMaintained>
        <AD_FieldGroup_ID reference="id"/>
        <EntityType>D</EntityType>
        <ObscureType/>
        <AD_Reference_ID reference="id"/>
        <IsMandatory/>
        <DefaultValue/>
        <AD_Reference_Value_ID reference="id"/>
        <AD_Val_Rule_ID reference="id"/>
        <Included_Tab_ID reference="id"/>
        <AD_Field_UU>c0867df5-3a75-49f5-83d5-e2ddb1ea4b6f</AD_Field_UU>
        <IsAllowCopy>N</IsAllowCopy>
        <IsDisplayedGrid>Y</IsDisplayedGrid>
        <SeqNoGrid>170</SeqNoGrid>
        <XPosition>1</XPosition>
        <ColumnSpan>2</ColumnSpan>
        <NumLines>1</NumLines>
        <IsQuickEntry>N</IsQuickEntry>
        <IsUpdateable/>
        <IsAlwaysUpdateable/>
        <MandatoryLogic/>
        <ReadOnlyLogic/>
        <IsToolbarButton/>
        <IsDefaultFocus>N</IsDefaultFocus>
        <IsAdvancedField>N</IsAdvancedField>
        <AD_Field_Trl type="translation">
            <Help>La ID de Entrega / Recibo indica el documento único para esta entrega o recibo</Help>
            <Description>Documento de entrega</Description>
            <Name>Entrega / Recibo</Name>
            <AD_Language>es_CO</AD_Language>
            <IsActive>Y</IsActive>
            <IsTranslated>Y</IsTranslated>
        </AD_Field_Trl>
    </AD_Field>
    <AD_Process type="table">
        <AD_Process_ID>200092</AD_Process_ID>
        <AD_Client_ID>0</AD_Client_ID>
        <AD_Org_ID>0</AD_Org_ID>
        <AD_Process_ID>200092</AD_Process_ID>
        <IsActive>Y</IsActive>
        <Name>Create Return From RMA</Name>
        <Description/>
        <Help/>
        <ProcedureName/>
        <IsReport>N</IsReport>
        <Value>RMACreateReturn</Value>
        <IsDirectPrint>N</IsDirectPrint>
        <AD_ReportView_ID reference="id"/>
        <Classname>com.ingeint.process.RMACreateReturn</Classname>
        <AccessLevel>3</AccessLevel>
        <EntityType>D</EntityType>
        <Statistic_Count>34</Statistic_Count>
        <Statistic_Seconds>61</Statistic_Seconds>
        <AD_PrintFormat_ID reference="id"/>
        <WorkflowValue/>
        <AD_Workflow_ID reference="id"/>
        <IsBetaFunctionality>N</IsBetaFunctionality>
        <IsServerProcess>N</IsServerProcess>
        <ShowHelp>Y</ShowHelp>
        <JasperReport/>
        <AD_Form_ID reference="id"/>
        <CopyFromProcess>N</CopyFromProcess>
        <AD_Process_UU>824afa95-4891-4e0e-95bb-2b1eceddae13</AD_Process_UU>
        <AD_CtxHelp_ID reference="id"/>
        <AD_Process_Trl type="translation">
            <Help/>
            <Description/>
            <Name>Crear devolución</Name>
            <AD_Language>es_CO</AD_Language>
            <IsActive>Y</IsActive>
            <IsTranslated>N</IsTranslated>
        </AD_Process_Trl>
    </AD_Process>
<AD_ToolBarButton type="table">
        <AD_Client_ID>0</AD_Client_ID>
        <AD_Org_ID>0</AD_Org_ID>
        <ComponentName>CreateReturn</ComponentName>
        <IsActive>Y</IsActive>
        <Name>CreateReturn</Name>
        <IsCustomization>N</IsCustomization>
        <ActionClassName/>
        <ActionName/>
        <KeyStroke_KeyCode/>
        <KeyStroke_Modifiers/>
        <AD_ToolBarButton_UU>0e14acc6-d392-4640-812c-450c98f89f82</AD_ToolBarButton_UU>
        <Action>W</Action>
        <AD_Tab_ID reference="id">628</AD_Tab_ID>
        <AD_Process_ID reference="id">200092</AD_Process_ID>
        <DisplayLogic/>
        <SeqNo>10</SeqNo>
        <IsAdvancedButton>N</IsAdvancedButton>
        <IsAddSeparator>N</IsAddSeparator>
    </AD_ToolBarButton>
</idempiere>